Product code,Name,Registration date,Registration time,Inventory,Sale price,Closed,Percentage
1,Product test 1,28/03/2025,23:42:14,320.53,94.26,True,63
2,Product test 2,05/01/2026,07:50:34,327.20,336.31,False,5
3,Product test 3,14/12/2025,10:41:46,479.11,463.61,True,99
4,Product test 4,30/03/2026,17:07:53,356.34,793.80,False,3
5,Product test 5,22/05/2025,01:53:17,310.48,437.90,True,71
6,Product test 6,27/04/2025,02:49:46,18.16,687.16,True,23
7,Product test 7,02/05/2025,05:40:32,117.33,190.70,False,16
8,Product test 8,29/07/2025,21:43:56,322.77,722.72,True,63
9,Product test 9,11/12/2025,05:45:48,341.12,419.86,False,72
10,Product test 10,18/08/2025,08:32:49,378.72,793.28,False,32
11,Product test 11,03/02/2026,17:01:29,239.48,989.84,False,17
12,Product test 12,16/10/2025,21:30:14,179.90,416.27,True,60
13,Product test 13,28/02/2026,08:03:19,194.75,989.48,False,44
14,Product test 14,16/04/2025,06:03:05,422.02,768.45,False,78
15,Product test 15,14/03/2026,09:24:21,186.68,532.60,True,21
16,Product test 16,07/10/2025,21:29:00,32.38,110.69,False,38
17,Product test 17,21/10/2025,22:38:25,313.23,773.81,False,24
18,Product test 18,22/09/2025,21:27:51,77.17,692.74,True,96
19,Product test 19,09/01/2026,23:00:08,430.83,193.04,True,44
20,Product test 20,24/10/2025,10:28:04,92.89,807.62,True,92
21,Product test 21,01/03/2025,20:13:02,282.55,893.18,False,75
22,Product test 22,29/01/2025,22:52:36,494.82,463.24,False,96
23,Product test 23,24/01/2025,11:11:57,25.91,671.72,False,16
24,Product test 24,07/07/2025,02:01:27,369.99,540.61,True,18
25,Product test 25,01/10/2025,07:02:59,318.28,580.86,False,84
26,Product test 26,25/03/2026,12:24:51,231.16,370.67,False,64
27,Product test 27,08/06/2025,00:45:32,231.68,239.58,False,46
28,Product test 28,27/08/2025,07:42:55,124.90,810.36,True,50
29,Product test 29,08/03/2026,16:16:04,123.54,598.78,True,33
30,Product test 30,16/04/2025,06:04:35,417.50,391.78,False,32
31,Product test 31,23/12/2025,01:44:06,319.52,115.21,False,22
32,Product test 32,24/07/2025,15:55:58,326.08,577.88,False,54
33,Product test 33,23/01/2026,05:25:37,432.96,525.83,False,90
34,Product test 34,14/01/2025,03:58:41,287.21,810.78,False,42
35,Product test 35,15/02/2026,13:48:39,108.13,558.29,True,85
36,Product test 36,03/01/2025,11:19:51,41.64,541.50,True,44
37,Product test 37,19/05/2025,16:11:15,19.81,295.00,True,44
38,Product test 38,06/03/2025,04:39:31,207.79,997.06,True,26
39,Product test 39,30/09/2025,11:43:23,255.63,560.70,False,98
40,Product test 40,13/02/2025,22:12:28,148.49,980.25,False,64
41,Product test 41,21/02/2026,21:53:08,65.96,400.70,True,56
42,Product test 42,05/02/2026,15:47:45,291.91,40.88,False,45
43,Product test 43,10/07/2025,15:13:28,44.00,932.32,True,33
44,Product test 44,02/09/2025,15:16:39,109.71,289.38,True,92
45,Product test 45,12/03/2026,06:52:01,215.25,522.94,True,16
46,Product test 46,20/06/2025,04:18:31,162.79,778.21,True,34
47,Product test 47,10/04/2025,14:34:26,455.56,444.94,True,40
48,Product test 48,14/02/2025,16:11:37,38.67,954.30,True,34
49,Product test 49,05/01/2025,15:17:25,454.84,122.57,True,23
50,Product test 50,28/12/2025,05:24:24,169.03,534.70,True,75
51,Product test 51,18/03/2026,12:15:24,34.79,830.82,True,56
52,Product test 52,02/01/2026,00:37:35,42.79,540.29,True,33
53,Product test 53,05/01/2026,16:31:56,414.76,196.30,False,35
54,Product test 54,25/10/2025,19:00:31,156.81,641.24,True,58
55,Product test 55,12/12/2025,09:30:31,126.29,945.10,False,23
56,Product test 56,04/01/2026,05:27:37,255.05,328.52,False,6
57,Product test 57,19/12/2025,12:58:53,192.72,808.40,True,56
58,Product test 58,07/05/2025,07:59:49,324.92,924.99,True,24
59,Product test 59,13/07/2025,20:46:11,451.21,900.84,False,100
60,Product test 60,18/11/2025,15:02:10,274.84,454.97,False,25
61,Product test 61,09/05/2025,01:28:58,219.37,837.36,True,61
62,Product test 62,02/02/2026,10:20:26,481.91,500.75,False,43
63,Product test 63,01/05/2025,15:00:15,452.29,287.95,False,27
64,Product test 64,04/09/2025,05:59:44,410.87,919.15,False,59
65,Product test 65,25/03/2026,05:43:49,385.76,749.74,True,6
66,Product test 66,17/03/2025,21:08:05,34.98,935.93,True,96
67,Product test 67,07/01/2025,15:31:51,229.90,181.67,True,7
68,Product test 68,31/01/2025,19:47:55,15.06,283.44,True,25
69,Product test 69,11/02/2025,02:32:48,79.70,159.80,True,12
70,Product test 70,03/02/2025,13:35:23,370.41,952.72,True,35
71,Product test 71,23/01/2026,09:00:08,473.25,277.08,True,1
72,Product test 72,12/06/2025,16:55:57,481.13,691.01,False,63
73,Product test 73,29/01/2026,05:12:11,53.84,661.53,True,8
74,Product test 74,02/03/2025,15:53:44,5.74,735.16,False,39
75,Product test 75,22/03/2026,03:14:29,169.21,325.60,True,46
76,Product test 76,20/02/2025,00:38:55,253.27,755.06,True,6
77,Product test 77,30/08/2025,17:37:12,193.25,49.59,False,61
78,Product test 78,11/12/2025,03:47:38,83.05,873.47,True,78
79,Product test 79,02/03/2025,06:06:55,371.18,394.50,True,55
80,Product test 80,11/04/2025,17:02:51,25.11,826.57,True,33
81,Product test 81,27/11/2025,15:39:15,201.68,415.83,True,77
82,Product test 82,26/01/2026,19:09:13,98.12,131.46,True,87
83,Product test 83,07/01/2026,16:31:40,442.40,970.95,False,94
84,Product test 84,07/01/2025,02:18:48,214.77,945.60,False,6
85,Product test 85,07/08/2025,23:17:42,459.01,757.18,True,37
86,Product test 86,14/03/2025,11:09:16,330.58,566.77,True,100
87,Product test 87,17/06/2025,14:44:09,1.29,25.65,True,70
88,Product test 88,11/08/2025,01:12:55,119.26,389.06,False,53
89,Product test 89,17/08/2025,06:30:13,85.65,752.99,True,54
90,Product test 90,10/04/2025,01:22:55,88.88,132.09,True,18
91,Product test 91,26/11/2025,19:35:46,22.45,923.52,False,99
92,Product test 92,11/02/2025,19:00:23,108.53,418.24,True,27
93,Product test 93,08/10/2025,12:33:10,109.83,455.81,True,96
94,Product test 94,07/04/2025,15:28:53,49.10,850.06,True,56
95,Product test 95,06/07/2025,21:16:14,397.58,847.50,False,94
96,Product test 96,12/03/2025,12:44:40,422.13,99.30,True,4
97,Product test 97,20/03/2025,05:12:10,29.18,87.27,True,29
98,Product test 98,11/07/2025,21:26:41,69.50,400.63,True,48
99,Product test 99,13/02/2025,15:41:31,56.16,695.85,True,8
100,Product test 100,19/08/2025,04:16:06,351.61,343.53,False,58
101,Product test 101,01/04/2025,02:05:56,223.67,567.64,False,62
102,Product test 102,10/07/2025,01:45:57,489.57,325.69,True,100
103,Product test 103,26/11/2025,15:47:52,54.82,937.34,True,48
104,Product test 104,16/03/2026,09:12:16,233.97,751.92,True,7
105,Product test 105,23/11/2025,07:25:36,378.43,895.24,True,5
106,Product test 106,16/02/2025,12:26:30,418.58,719.18,False,56
107,Product test 107,30/05/2025,16:02:33,467.64,8.01,True,50
108,Product test 108,26/07/2025,09:39:30,110.33,908.79,True,79
109,Product test 109,19/06/2025,01:59:01,294.52,207.34,False,35
110,Product test 110,12/08/2025,15:16:02,156.01,34.27,True,17
111,Product test 111,25/09/2025,08:38:27,293.99,907.10,False,31
112,Product test 112,06/06/2025,04:01:13,31.95,673.52,True,62
113,Product test 113,03/06/2025,10:44:14,293.38,923.90,True,28
114,Product test 114,12/01/2025,07:29:36,180.19,913.05,True,14
115,Product test 115,12/06/2025,17:48:27,176.43,341.74,False,24
116,Product test 116,11/04/2025,05:08:23,237.15,432.90,False,78
117,Product test 117,19/01/2025,10:14:33,375.66,162.27,True,19
118,Product test 118,30/11/2025,21:08:36,348.68,690.67,False,12
119,Product test 119,04/04/2025,05:41:43,118.28,574.71,False,76
120,Product test 120,24/06/2025,19:59:38,76.04,839.62,True,1
121,Product test 121,29/11/2025,23:14:20,144.61,984.87,False,75
122,Product test 122,14/07/2025,15:10:32,452.28,761.11,False,2
123,Product test 123,28/04/2025,02:18:15,74.05,628.23,False,54
124,Product test 124,09/02/2026,22:19:29,231.54,343.85,False,17
125,Product test 125,28/03/2025,04:33:15,117.62,921.28,False,27
126,Product test 126,17/02/2025,04:37:36,250.35,329.11,True,18
127,Product test 127,27/03/2026,07:21:37,248.33,929.58,True,73
128,Product test 128,06/02/2026,05:39:49,71.79,128.13,False,54
129,Product test 129,21/05/2025,22:21:30,455.25,356.39,True,38
130,Product test 130,29/03/2025,21:59:21,397.25,533.12,False,80
131,Product test 131,09/03/2026,13:26:50,361.93,80.42,True,43
132,Product test 132,05/06/2025,18:02:37,398.65,94.24,True,93
133,Product test 133,14/10/2025,23:00:12,261.28,793.95,False,55
134,Product test 134,02/02/2025,16:05:11,193.91,921.23,False,98
135,Product test 135,20/01/2025,06:01:44,183.64,864.18,True,91
136,Product test 136,31/12/2025,19:36:00,448.65,419.34,True,27
137,Product test 137,17/09/2025,09:30:32,196.82,658.15,True,47
138,Product test 138,07/03/2026,10:53:36,433.87,786.97,False,35
139,Product test 139,25/03/2025,06:36:44,370.58,864.19,False,73
140,Product test 140,26/01/2026,09:14:53,447.30,439.09,False,86
141,Product test 141,12/11/2025,07:04:31,92.04,737.11,False,20
142,Product test 142,11/01/2025,19:13:33,133.51,851.04,False,97
143,Product test 143,31/01/2026,22:09:10,274.89,476.14,True,85
144,Product test 144,19/03/2025,00:06:07,179.49,404.06,False,46
145,Product test 145,19/07/2025,13:59:20,116.77,742.11,False,38
146,Product test 146,04/01/2026,09:58:04,50.99,515.05,False,62
147,Product test 147,25/11/2025,11:48:00,34.74,85.67,True,57
148,Product test 148,28/05/2025,09:50:44,125.44,948.28,False,7
149,Product test 149,02/10/2025,10:05:16,395.17,729.71,False,49
150,Product test 150,27/05/2025,09:56:31,300.15,66.35,True,73
151,Product test 151,01/02/2026,17:43:08,278.77,467.17,False,18
152,Product test 152,10/12/2025,01:47:59,379.70,174.07,True,85
153,Product test 153,19/10/2025,14:26:36,344.51,83.95,False,52
154,Product test 154,15/09/2025,11:22:21,491.34,17.28,True,62
155,Product test 155,22/12/2025,23:10:08,10.52,871.32,True,100
156,Product test 156,23/04/2025,07:50:12,119.27,907.69,False,37
157,Product test 157,24/01/2025,10:21:46,284.28,625.60,True,32
158,Product test 158,14/03/2026,07:25:46,209.98,904.81,True,92
159,Product test 159,01/01/2025,13:37:36,368.19,677.34,True,24
160,Product test 160,12/02/2026,01:14:44,235.60,20.94,False,60
161,Product test 161,11/11/2025,15:02:55,92.12,873.41,False,2
162,Product test 162,17/03/2026,07:57:26,203.00,880.64,False,64
163,Product test 163,08/01/2026,08:04:02,292.70,623.06,True,36
164,Product test 164,08/11/2025,19:15:20,93.00,231.26,False,92
165,Product test 165,19/05/2025,12:18:47,391.61,622.72,True,8
166,Product test 166,05/12/2025,10:58:04,5.85,352.77,False,53
167,Product test 167,30/04/2025,22:54:22,305.98,439.71,True,8
168,Product test 168,19/08/2025,02:45:20,139.48,542.41,False,67
169,Product test 169,19/12/2025,13:27:44,238.92,498.35,False,58
170,Product test 170,17/02/2026,21:28:54,81.52,4.95,True,76
171,Product test 171,07/11/2025,10:21:07,194.35,576.42,True,74
172,Product test 172,18/02/2026,15:39:44,161.94,949.25,True,5
173,Product test 173,01/04/2026,14:00:33,384.98,241.00,True,3
174,Product test 174,01/02/2026,03:32:20,227.96,876.62,True,24
175,Product test 175,08/07/2025,15:08:30,456.14,256.12,True,30
176,Product test 176,28/08/2025,02:39:19,451.30,72.96,False,90
177,Product test 177,06/01/2026,02:04:19,471.37,191.62,True,2
178,Product test 178,31/10/2025,13:49:57,154.43,514.94,False,56
179,Product test 179,02/05/2025,10:57:13,133.09,236.95,False,78
180,Product test 180,01/02/2026,02:33:13,177.05,770.04,True,88
181,Product test 181,25/01/2026,00:19:09,246.57,138.65,True,82
182,Product test 182,24/12/2025,18:14:47,114.59,363.28,True,79
183,Product test 183,15/03/2026,14:05:30,383.82,368.26,False,91
184,Product test 184,17/06/2025,03:29:43,172.41,57.59,False,26
185,Product test 185,04/01/2026,22:26:22,379.71,646.95,True,86
186,Product test 186,15/07/2025,11:14:26,17.26,156.84,False,83
187,Product test 187,05/01/2025,18:24:54,290.92,198.53,True,66
188,Product test 188,15/07/2025,01:48:35,249.06,372.75,False,13
189,Product test 189,13/09/2025,21:55:18,27.49,207.65,False,29
190,Product test 190,26/02/2026,15:20:59,119.65,590.97,False,85
191,Product test 191,14/01/2026,12:26:01,226.77,127.30,False,20
192,Product test 192,16/09/2025,16:31:28,224.55,987.37,True,94
193,Product test 193,29/12/2025,02:53:48,408.08,871.47,False,86
194,Product test 194,06/03/2025,04:23:17,159.78,548.98,True,4
195,Product test 195,25/04/2025,00:05:51,16.97,371.47,False,3
196,Product test 196,27/01/2025,16:45:07,468.73,983.78,True,23
197,Product test 197,14/05/2025,16:04:12,400.10,503.86,False,83
198,Product test 198,06/01/2025,23:11:57,202.48,715.58,False,93
199,Product test 199,22/08/2025,00:28:39,450.81,91.68,True,67
200,Product test 200,22/02/2025,01:48:38,141.80,207.47,True,86
201,Product test 201,20/12/2025,08:53:28,154.51,679.62,True,87
202,Product test 202,23/02/2025,16:47:12,485.86,219.01,True,77
203,Product test 203,03/03/2025,16:37:22,341.23,696.49,False,25
204,Product test 204,31/05/2025,01:40:29,125.53,183.70,True,33
205,Product test 205,24/10/2025,14:42:01,402.22,565.57,True,31
206,Product test 206,19/03/2025,09:32:48,71.04,157.17,False,96
207,Product test 207,09/03/2025,06:12:31,145.19,35.30,True,94
208,Product test 208,21/10/2025,04:42:29,94.85,452.89,False,68
209,Product test 209,11/07/2025,01:37:51,78.80,499.68,False,24
210,Product test 210,17/08/2025,18:08:20,103.32,546.87,True,91
211,Product test 211,09/08/2025,10:40:31,441.99,18.95,True,16
212,Product test 212,07/09/2025,11:48:46,458.48,185.83,False,70
213,Product test 213,06/09/2025,11:22:00,394.74,702.08,False,53
214,Product test 214,21/10/2025,05:51:20,489.44,287.47,False,28
215,Product test 215,31/03/2025,04:22:23,33.69,59.14,False,62
216,Product test 216,25/11/2025,05:53:48,277.36,229.77,False,49
217,Product test 217,10/04/2025,17:14:15,314.16,322.83,True,18
218,Product test 218,24/06/2025,20:25:39,405.94,78.10,False,99
219,Product test 219,09/08/2025,03:25:40,125.74,79.79,False,83
220,Product test 220,26/01/2026,09:20:19,101.23,515.38,False,79
221,Product test 221,23/12/2025,11:06:58,323.56,502.07,True,40
222,Product test 222,08/03/2025,05:02:45,54.98,722.24,True,71
223,Product test 223,25/02/2025,08:10:31,381.09,752.58,True,2
224,Product test 224,06/01/2025,14:18:53,291.56,531.23,True,54
225,Product test 225,23/06/2025,23:49:04,271.06,152.49,True,28
226,Product test 226,22/10/2025,10:43:50,209.87,840.07,False,13
227,Product test 227,19/03/2025,08:56:26,359.95,676.91,True,79
228,Product test 228,31/08/2025,13:58:51,7.29,210.49,False,83
229,Product test 229,09/09/2025,04:42:35,378.55,456.87,False,26
230,Product test 230,20/02/2025,21:47:18,404.35,637.76,True,93
231,Product test 231,24/05/2025,00:58:16,322.49,78.27,False,51
232,Product test 232,18/03/2025,08:42:11,472.70,359.92,False,15
233,Product test 233,01/03/2026,23:42:13,78.19,501.32,False,98
234,Product test 234,30/06/2025,20:02:11,249.01,148.92,True,3
235,Product test 235,24/12/2025,07:48:46,364.11,889.97,False,19
236,Product test 236,03/12/2025,19:54:17,243.59,73.17,True,71
237,Product test 237,31/03/2026,17:23:52,146.14,767.09,True,70
238,Product test 238,07/01/2026,07:32:40,343.35,114.10,False,53
239,Product test 239,23/09/2025,01:05:36,431.61,789.51,True,10
240,Product test 240,29/01/2026,02:10:59,371.75,698.87,True,16
241,Product test 241,06/04/2025,04:26:35,30.66,579.05,False,79
242,Product test 242,23/04/2025,11:01:41,284.77,295.85,False,100
243,Product test 243,24/08/2025,18:39:44,102.81,751.20,True,44
244,Product test 244,16/09/2025,03:02:53,192.68,772.57,False,72
245,Product test 245,24/03/2026,16:58:18,89.37,87.92,True,99
246,Product test 246,18/03/2025,15:26:33,267.88,680.62,True,78
247,Product test 247,16/07/2025,02:20:10,226.58,631.23,True,9
248,Product test 248,05/10/2025,06:44:08,228.07,11.97,False,23
249,Product test 249,28/05/2025,20:16:36,280.71,41.73,True,20
250,Product test 250,20/08/2025,16:22:16,63.23,889.02,True,61
251,Product test 251,20/10/2025,09:43:09,6.84,254.96,True,11
252,Product test 252,25/10/2025,21:07:51,481.51,468.16,True,88
253,Product test 253,15/03/2025,22:20:26,185.54,781.18,True,83
254,Product test 254,13/06/2025,08:44:44,238.64,144.92,False,51
255,Product test 255,26/01/2026,02:45:47,150.24,555.88,False,23
256,Product test 256,25/02/2026,23:05:17,438.05,329.96,True,99
257,Product test 257,14/02/2026,00:07:09,229.75,555.41,False,56
258,Product test 258,24/02/2026,15:28:04,249.59,655.80,False,35
259,Product test 259,21/11/2025,13:45:25,82.38,740.71,False,26
260,Product test 260,13/05/2025,02:34:16,5.71,238.34,True,47
261,Product test 261,05/09/2025,17:38:59,447.93,257.51,False,19
262,Product test 262,26/01/2025,12:06:29,385.66,822.62,True,61
263,Product test 263,14/04/2025,23:05:41,140.72,429.92,True,6
264,Product test 264,07/02/2026,06:55:04,442.46,716.26,True,94
265,Product test 265,15/03/2026,14:44:01,233.01,922.27,False,15
266,Product test 266,21/02/2025,04:01:14,420.29,203.88,True,21
267,Product test 267,14/05/2025,01:26:26,136.79,749.88,False,42
268,Product test 268,16/02/2025,11:42:22,418.56,66.11,True,55
269,Product test 269,23/07/2025,02:06:54,270.80,8.74,True,55
270,Product test 270,06/01/2026,14:02:33,28.98,915.25,False,24
271,Product test 271,06/05/2025,21:36:41,183.35,655.97,False,99
272,Product test 272,14/05/2025,13:02:42,359.31,786.07,True,12
273,Product test 273,22/03/2026,17:45:13,259.01,289.34,True,29
274,Product test 274,21/01/2025,19:32:32,426.32,445.88,True,45
275,Product test 275,05/04/2025,07:48:32,448.92,621.38,False,59
276,Product test 276,15/02/2025,12:45:33,158.97,637.83,True,48
277,Product test 277,03/06/2025,12:31:12,330.01,580.27,False,97
278,Product test 278,10/07/2025,05:37:36,141.32,226.15,True,85
279,Product test 279,16/04/2025,19:57:48,181.64,287.00,False,50
280,Product test 280,30/10/2025,12:26:48,234.13,534.12,False,64
281,Product test 281,04/06/2025,10:22:30,301.32,172.93,False,47
282,Product test 282,11/09/2025,03:18:02,367.95,36.18,False,69
283,Product test 283,17/01/2025,07:30:12,216.03,511.18,False,15
284,Product test 284,13/02/2026,04:41:01,296.45,850.57,False,76
285,Product test 285,27/09/2025,10:38:53,50.21,727.58,False,83
286,Product test 286,25/04/2025,23:41:58,387.04,170.62,False,78
287,Product test 287,11/03/2026,12:14:42,182.35,399.23,True,29
288,Product test 288,05/02/2026,04:19:31,300.86,527.44,False,10
289,Product test 289,11/08/2025,05:54:42,123.40,518.08,True,13
290,Product test 290,20/08/2025,14:07:40,473.92,891.29,False,62
291,Product test 291,26/06/2025,08:52:59,449.58,319.67,True,32
292,Product test 292,04/08/2025,09:00:45,440.58,508.11,True,3
293,Product test 293,13/01/2025,01:39:01,177.77,46.39,False,14
294,Product test 294,29/10/2025,15:26:24,302.77,321.24,True,43
295,Product test 295,14/01/2025,09:37:09,477.41,389.48,True,78
296,Product test 296,22/09/2025,00:22:45,366.82,692.35,True,85
297,Product test 297,13/06/2025,01:13:44,38.03,524.78,False,87
298,Product test 298,10/04/2025,20:43:18,370.05,853.83,True,90
299,Product test 299,09/05/2025,05:54:46,327.84,80.62,False,11
300,Product test 300,12/11/2025,23:13:18,68.20,986.44,False,18
301,Product test 301,28/06/2025,15:28:17,18.54,325.25,True,13
302,Product test 302,10/01/2025,21:13:54,431.07,319.10,False,59
303,Product test 303,21/03/2026,15:48:37,206.29,616.77,True,80
304,Product test 304,09/05/2025,08:54:38,388.63,926.42,False,84
305,Product test 305,02/11/2025,22:04:47,117.88,853.58,False,32
306,Product test 306,22/06/2025,17:17:19,216.54,998.46,True,53
307,Product test 307,18/03/2025,01:45:59,207.52,72.60,False,86
308,Product test 308,07/04/2025,12:20:38,174.42,517.88,False,34
309,Product test 309,21/01/2025,19:41:19,164.83,424.66,False,58
310,Product test 310,15/10/2025,17:40:47,4.80,704.14,True,48
311,Product test 311,06/01/2025,16:59:13,224.23,392.27,False,67
312,Product test 312,19/01/2025,15:46:49,358.83,15.71,True,1
313,Product test 313,11/07/2025,18:22:23,201.05,670.56,False,96
314,Product test 314,24/06/2025,20:32:56,61.13,659.44,False,74
315,Product test 315,16/02/2025,15:17:11,365.13,355.08,False,56
316,Product test 316,17/02/2025,10:55:32,109.60,286.76,False,27
317,Product test 317,30/08/2025,21:06:06,136.25,893.77,True,15
318,Product test 318,20/05/2025,00:13:23,227.79,139.64,False,62
319,Product test 319,17/01/2026,08:56:58,97.04,458.82,False,89
320,Product test 320,14/09/2025,20:35:38,437.24,220.60,True,66
321,Product test 321,17/03/2025,06:52:00,4.57,638.06,False,4
322,Product test 322,17/05/2025,20:35:40,70.49,685.66,True,24
323,Product test 323,27/04/2025,08:29:55,344.13,402.98,True,48
324,Product test 324,13/10/2025,06:40:58,316.48,640.89,False,77
325,Product test 325,01/08/2025,02:24:10,33.23,19.29,True,56
326,Product test 326,02/06/2025,23:35:58,360.90,114.42,True,58
327,Product test 327,22/04/2025,21:58:25,402.75,931.25,False,29
328,Product test 328,13/03/2026,07:39:35,299.09,593.91,True,97
329,Product test 329,22/05/2025,02:48:41,270.55,97.18,False,10
330,Product test 330,28/02/2026,01:18:39,301.62,633.82,False,81
331,Product test 331,17/02/2025,15:34:22,195.81,746.97,False,27
332,Product test 332,25/06/2025,15:59:43,7.75,872.51,True,75
333,Product test 333,01/01/2026,08:04:51,341.07,476.57,True,65
334,Product test 334,04/07/2025,18:25:13,436.66,317.78,True,42
335,Product test 335,13/08/2025,01:23:42,367.49,887.46,False,58
336,Product test 336,05/01/2025,06:58:40,68.14,288.17,False,42
337,Product test 337,04/04/2025,07:49:41,205.52,857.72,True,98
338,Product test 338,11/02/2026,02:35:59,195.21,159.75,True,88
339,Product test 339,16/01/2026,23:36:58,122.17,719.69,True,23
340,Product test 340,23/01/2026,20:41:42,401.85,972.29,False,92
341,Product test 341,21/08/2025,16:18:00,454.16,135.52,False,76
342,Product test 342,12/02/2025,05:58:16,186.91,467.80,False,29
343,Product test 343,31/10/2025,23:00:36,178.10,920.28,True,62
344,Product test 344,02/11/2025,06:15:51,11.98,180.77,True,40
345,Product test 345,12/08/2025,01:37:12,32.51,428.94,True,32
346,Product test 346,29/06/2025,23:15:20,406.62,776.24,False,67
347,Product test 347,27/09/2025,07:35:36,61.16,808.35,False,10
348,Product test 348,11/02/2026,00:19:47,184.20,530.61,False,84
349,Product test 349,20/02/2026,05:09:45,73.72,415.21,True,16
350,Product test 350,17/09/2025,00:34:38,164.56,958.92,False,15
351,Product test 351,23/02/2026,12:28:12,354.87,90.57,False,42
352,Product test 352,03/03/2025,11:13:34,355.85,12.18,True,28
353,Product test 353,06/01/2025,00:04:53,26.65,284.73,False,41
354,Product test 354,08/04/2025,21:04:42,446.01,632.60,False,57
355,Product test 355,07/05/2025,08:38:30,71.05,543.93,True,39
356,Product test 356,14/09/2025,00:58:51,32.11,691.40,False,43
357,Product test 357,27/11/2025,09:28:35,378.06,199.58,False,25
358,Product test 358,01/08/2025,08:00:49,495.81,314.31,False,1
359,Product test 359,17/05/2025,07:31:33,95.82,848.13,False,62
360,Product test 360,22/08/2025,20:13:58,237.24,433.84,False,30
361,Product test 361,08/10/2025,15:21:12,165.01,210.99,True,35
362,Product test 362,10/05/2025,21:16:40,35.60,933.80,False,51
363,Product test 363,20/11/2025,08:03:15,428.35,83.59,True,15
364,Product test 364,03/05/2025,12:03:26,349.76,199.85,True,8
365,Product test 365,09/04/2025,10:13:52,351.04,520.33,True,43
366,Product test 366,26/02/2025,03:13:51,170.54,630.13,True,97
367,Product test 367,09/09/2025,21:22:53,447.22,372.28,False,9
368,Product test 368,06/09/2025,09:37:51,418.81,913.37,True,76
369,Product test 369,28/03/2026,16:08:18,61.47,769.94,True,38
370,Product test 370,11/01/2025,23:07:24,246.92,352.00,True,63
371,Product test 371,12/11/2025,03:42:02,309.67,752.92,False,53
372,Product test 372,24/06/2025,02:56:17,104.90,330.54,True,67
373,Product test 373,04/07/2025,15:10:11,295.80,211.82,True,41
374,Product test 374,06/11/2025,15:03:42,335.39,267.99,True,98
375,Product test 375,22/03/2026,02:33:32,268.20,556.13,True,77
376,Product test 376,05/06/2025,14:17:55,364.22,825.85,True,55
377,Product test 377,07/05/2025,19:58:40,465.44,159.39,False,55
378,Product test 378,01/02/2025,08:41:35,325.70,173.40,True,60
379,Product test 379,24/06/2025,18:26:33,448.30,85.56,True,38
380,Product test 380,10/09/2025,16:42:30,316.35,564.90,True,4
381,Product test 381,05/11/2025,10:02:46,123.74,945.74,True,94
382,Product test 382,16/04/2025,02:01:09,338.95,368.04,True,19
383,Product test 383,01/02/2025,16:29:48,416.08,547.79,True,70
384,Product test 384,16/05/2025,07:05:42,35.32,493.25,False,70
385,Product test 385,29/01/2026,00:38:42,215.14,91.42,False,29
386,Product test 386,02/06/2025,04:52:08,354.74,705.65,False,23
387,Product test 387,15/10/2025,20:20:48,80.65,353.06,False,3
388,Product test 388,03/01/2025,07:33:17,434.11,929.79,True,80
389,Product test 389,07/02/2025,02:56:29,199.85,50.35,False,94
390,Product test 390,26/03/2026,04:03:14,29.91,887.88,False,18
391,Product test 391,30/06/2025,06:05:37,151.53,324.00,False,38
392,Product test 392,27/04/2025,00:21:54,418.82,423.66,True,72
393,Product test 393,05/02/2025,16:50:11,163.76,216.27,False,100
394,Product test 394,23/02/2025,18:23:54,414.38,853.83,False,22
395,Product test 395,03/12/2025,05:11:19,84.07,647.52,False,44
396,Product test 396,08/07/2025,20:16:36,160.21,426.85,True,81
397,Product test 397,11/09/2025,06:44:48,165.80,362.82,True,43
398,Product test 398,09/02/2026,06:54:26,274.88,118.99,False,96
399,Product test 399,20/09/2025,07:08:57,488.71,924.88,True,13
400,Product test 400,18/10/2025,06:19:41,241.48,929.87,False,60
401,Product test 401,29/12/2025,02:02:37,399.16,279.59,False,11
402,Product test 402,27/05/2025,02:30:17,26.81,806.84,False,44
403,Product test 403,17/03/2026,10:03:30,280.00,516.29,False,26
404,Product test 404,14/01/2026,07:29:45,368.89,231.59,True,28
405,Product test 405,07/05/2025,12:50:47,27.89,822.36,False,87
406,Product test 406,05/11/2025,04:47:33,105.25,783.68,True,29
407,Product test 407,08/06/2025,16:02:43,213.37,720.40,False,93
408,Product test 408,11/01/2026,20:42:13,87.96,936.54,False,73
409,Product test 409,15/03/2026,07:16:04,365.59,699.20,False,56
410,Product test 410,11/10/2025,18:50:00,199.84,588.21,False,41
411,Product test 411,26/02/2026,13:14:54,244.54,942.86,False,61
412,Product test 412,21/02/2025,15:25:43,253.44,378.09,True,6
413,Product test 413,01/04/2025,02:19:16,408.33,145.39,False,36
414,Product test 414,02/01/2026,07:11:44,76.31,566.72,True,39
415,Product test 415,26/11/2025,00:06:44,249.08,320.43,True,79
416,Product test 416,04/01/2026,18:52:53,250.82,828.76,True,27
417,Product test 417,03/04/2025,13:05:07,89.93,341.94,False,45
418,Product test 418,13/07/2025,00:14:34,431.66,608.19,True,98
419,Product test 419,15/11/2025,14:20:09,42.24,845.37,True,77
420,Product test 420,31/07/2025,23:38:57,381.35,686.98,False,28
421,Product test 421,10/02/2025,10:59:00,474.07,645.66,False,22
422,Product test 422,22/03/2026,15:35:33,68.27,33.86,False,51
423,Product test 423,07/12/2025,15:24:09,300.42,358.70,True,100
424,Product test 424,19/06/2025,07:58:02,27.66,803.07,True,59
425,Product test 425,18/02/2025,15:13:51,34.74,672.55,True,26
426,Product test 426,01/01/2025,20:32:56,42.09,854.91,False,69
427,Product test 427,24/05/2025,18:40:58,294.98,982.54,False,36
428,Product test 428,02/02/2025,20:27:09,240.58,272.58,False,56
429,Product test 429,02/12/2025,05:18:17,242.76,754.37,True,2
430,Product test 430,21/03/2025,17:54:32,353.43,645.87,True,7
431,Product test 431,08/04/2025,03:49:53,242.52,477.22,True,11
432,Product test 432,30/11/2025,16:42:38,441.91,817.92,False,89
433,Product test 433,27/04/2025,01:11:31,183.65,231.28,False,20
434,Product test 434,18/02/2025,13:15:11,59.50,543.12,False,33
435,Product test 435,21/01/2026,23:47:22,422.37,572.45,False,65
436,Product test 436,25/12/2025,19:53:02,300.99,852.58,True,59
437,Product test 437,31/10/2025,12:10:30,285.90,550.91,True,51
438,Product test 438,25/09/2025,13:46:57,333.34,532.25,False,99
439,Product test 439,05/12/2025,16:43:34,472.20,566.75,False,5
440,Product test 440,18/02/2026,16:48:36,422.82,753.30,True,70
441,Product test 441,21/05/2025,02:20:47,266.79,100.46,False,69
442,Product test 442,25/06/2025,18:21:12,294.20,587.96,True,6
443,Product test 443,26/01/2025,17:27:36,80.25,592.57,True,53
444,Product test 444,04/01/2025,14:58:13,245.60,302.10,True,93
445,Product test 445,06/08/2025,16:08:18,172.30,41.96,True,39
446,Product test 446,15/10/2025,20:57:29,77.69,67.89,True,34
447,Product test 447,15/02/2025,22:36:14,45.51,267.42,False,70
448,Product test 448,11/10/2025,05:34:31,1.80,291.83,False,27
449,Product test 449,19/05/2025,06:26:56,11.20,21.34,True,23
450,Product test 450,15/11/2025,19:48:41,209.13,323.41,True,97
451,Product test 451,06/01/2025,20:27:08,408.24,178.81,False,13
452,Product test 452,10/03/2026,05:49:11,311.08,202.91,False,8
453,Product test 453,02/10/2025,00:28:14,97.09,890.93,False,69
454,Product test 454,08/01/2026,00:04:07,37.03,876.20,True,87
455,Product test 455,13/07/2025,15:48:15,457.01,430.66,True,35
456,Product test 456,24/02/2026,13:27:49,357.71,663.18,False,79
457,Product test 457,10/05/2025,04:04:12,99.45,274.62,False,97
458,Product test 458,13/11/2025,04:10:06,13.22,331.13,False,52
459,Product test 459,23/01/2025,18:11:17,141.81,257.26,True,8
460,Product test 460,05/12/2025,15:22:34,199.45,91.72,True,88
461,Product test 461,13/04/2025,00:51:55,14.51,792.49,False,71
462,Product test 462,06/11/2025,01:49:05,366.58,786.40,True,11
463,Product test 463,29/01/2026,02:23:03,423.74,123.74,False,22
464,Product test 464,30/01/2025,21:33:04,185.88,28.63,False,57
465,Product test 465,09/01/2025,08:41:29,318.94,401.98,True,74
466,Product test 466,14/12/2025,12:05:46,30.45,786.28,False,29
467,Product test 467,01/04/2025,12:33:35,496.26,32.38,False,59
468,Product test 468,27/08/2025,09:42:24,265.75,114.79,True,30
469,Product test 469,29/01/2026,11:26:50,337.96,917.17,True,54
470,Product test 470,29/01/2025,08:12:49,101.80,4.34,False,81
471,Product test 471,28/02/2026,14:40:46,246.28,79.00,True,55
472,Product test 472,10/03/2026,21:43:27,206.36,202.72,False,46
473,Product test 473,01/08/2025,23:12:04,288.66,270.76,False,79
474,Product test 474,19/01/2025,15:29:44,420.69,550.89,True,19
475,Product test 475,28/03/2025,17:07:16,87.19,440.22,True,66
476,Product test 476,20/04/2025,02:32:43,340.61,248.22,False,69
477,Product test 477,28/03/2026,13:46:35,90.30,60.99,True,39
478,Product test 478,23/03/2026,11:53:18,371.87,576.96,False,53
479,Product test 479,19/01/2025,07:54:47,291.69,563.79,False,57
480,Product test 480,03/02/2026,18:01:25,325.86,629.06,False,60
481,Product test 481,17/02/2025,14:37:40,347.21,956.08,False,47
482,Product test 482,26/02/2026,10:06:06,388.49,901.17,False,25
483,Product test 483,09/04/2025,08:17:05,110.08,281.92,True,47
484,Product test 484,25/01/2025,23:06:03,78.01,547.25,False,58
485,Product test 485,09/09/2025,08:22:34,331.74,806.81,False,13
486,Product test 486,21/09/2025,04:41:24,163.39,533.81,True,59
487,Product test 487,15/02/2025,03:54:34,467.55,21.34,True,43
488,Product test 488,03/08/2025,07:48:20,214.08,793.14,True,93
489,Product test 489,02/11/2025,02:20:39,330.55,235.82,False,1
490,Product test 490,20/01/2026,00:19:33,181.55,835.81,False,29
491,Product test 491,07/01/2025,21:40:41,315.51,33.65,False,22
492,Product test 492,27/08/2025,23:07:57,357.79,275.76,False,32
493,Product test 493,12/02/2026,01:35:06,217.49,173.18,False,62
494,Product test 494,08/03/2026,14:18:39,78.17,732.68,False,21
495,Product test 495,01/04/2025,11:40:10,490.27,757.75,True,77
496,Product test 496,19/02/2025,10:04:55,179.96,702.43,False,37
497,Product test 497,19/04/2025,19:09:33,241.22,9.20,True,56
498,Product test 498,25/01/2026,21:08:02,311.44,510.28,True,19
499,Product test 499,19/10/2025,08:18:36,439.50,210.97,False,61
500,Product test 500,07/10/2025,10:43:41,330.91,786.31,True,4
501,Product test 501,12/02/2025,22:22:23,49.25,121.28,False,91
502,Product test 502,29/10/2025,03:05:43,71.69,825.56,False,100
503,Product test 503,16/01/2026,10:57:31,186.54,184.84,True,76
504,Product test 504,24/08/2025,21:28:28,283.88,86.51,True,78
505,Product test 505,05/01/2025,06:20:47,123.55,186.27,False,30
506,Product test 506,13/03/2026,09:53:47,85.57,302.90,True,69
507,Product test 507,27/10/2025,08:44:31,264.10,48.41,False,83
508,Product test 508,31/01/2025,23:13:59,478.87,170.39,True,21
509,Product test 509,08/04/2025,18:45:54,122.11,580.81,False,63
510,Product test 510,14/12/2025,15:20:34,74.69,51.03,True,90
511,Product test 511,08/09/2025,22:29:34,244.12,565.16,False,90
512,Product test 512,13/01/2026,01:55:11,285.66,211.37,False,70
513,Product test 513,18/01/2025,16:28:14,167.78,309.74,True,95
514,Product test 514,29/12/2025,09:37:24,216.39,101.03,False,59
515,Product test 515,17/10/2025,03:05:20,296.82,639.49,True,20
516,Product test 516,28/08/2025,17:35:38,255.84,431.47,False,55
517,Product test 517,27/06/2025,20:25:50,212.90,984.42,True,81
518,Product test 518,18/05/2025,12:59:56,329.48,623.92,False,94
519,Product test 519,26/03/2026,23:13:51,154.33,479.84,True,30
520,Product test 520,09/10/2025,17:42:14,303.55,158.87,True,41
521,Product test 521,21/06/2025,01:46:18,117.35,957.54,True,100
522,Product test 522,21/10/2025,06:15:55,181.06,287.16,True,55
523,Product test 523,07/02/2026,19:14:31,280.68,38.54,True,3
524,Product test 524,13/05/2025,01:59:33,492.34,926.56,False,86
525,Product test 525,29/01/2025,04:40:32,11.46,460.33,True,17
526,Product test 526,25/10/2025,21:18:46,351.07,236.22,True,62
527,Product test 527,08/10/2025,02:49:16,406.12,83.85,False,44
528,Product test 528,10/11/2025,17:53:46,214.77,63.94,False,27
529,Product test 529,12/02/2025,07:09:16,144.04,734.86,False,43
530,Product test 530,03/05/2025,23:02:59,108.68,790.38,False,41
531,Product test 531,23/08/2025,08:23:43,436.18,857.66,True,66
532,Product test 532,22/03/2025,06:36:37,103.28,471.21,False,96
533,Product test 533,07/02/2025,17:54:36,257.25,717.29,True,25
534,Product test 534,24/05/2025,20:49:49,179.80,415.81,False,84
535,Product test 535,22/03/2025,12:38:43,200.26,534.20,True,57
536,Product test 536,21/01/2026,07:27:29,173.25,835.96,True,61
537,Product test 537,05/10/2025,10:22:08,110.83,669.78,False,34
538,Product test 538,17/06/2025,02:02:36,334.39,740.97,True,49
539,Product test 539,02/01/2026,06:21:18,392.63,195.99,True,19
540,Product test 540,04/09/2025,19:26:10,46.66,300.52,False,73
541,Product test 541,08/08/2025,04:25:27,71.79,799.33,True,74
542,Product test 542,28/10/2025,01:17:50,285.06,414.47,True,93
543,Product test 543,28/05/2025,06:23:02,223.56,716.99,True,5
544,Product test 544,20/08/2025,06:15:42,382.18,184.01,False,60
545,Product test 545,08/10/2025,15:43:27,354.84,295.38,False,48
546,Product test 546,29/04/2025,04:14:36,137.31,789.69,False,2
547,Product test 547,06/12/2025,21:45:25,60.60,157.09,False,99
548,Product test 548,01/01/2026,21:02:19,110.49,694.79,True,29
549,Product test 549,03/05/2025,00:34:07,5.07,712.03,False,27
550,Product test 550,15/07/2025,07:21:49,292.21,31.46,False,92
551,Product test 551,02/01/2025,04:20:19,387.41,954.74,True,69
552,Product test 552,15/02/2025,07:22:49,405.56,415.39,True,6
553,Product test 553,14/05/2025,08:09:37,306.24,990.97,False,72
554,Product test 554,22/10/2025,11:00:44,221.22,733.53,True,5
555,Product test 555,27/01/2025,21:19:11,448.66,606.23,True,10
556,Product test 556,27/02/2025,18:13:51,20.70,197.31,True,29
557,Product test 557,27/04/2025,23:38:20,188.13,845.39,False,73
558,Product test 558,28/02/2025,18:59:26,448.86,539.78,False,40
559,Product test 559,11/05/2025,22:35:50,393.11,992.47,False,37
560,Product test 560,14/11/2025,08:00:32,158.66,173.95,True,58
561,Product test 561,04/01/2026,08:53:44,349.42,19.51,True,73
562,Product test 562,24/12/2025,00:15:48,485.43,130.21,False,81
563,Product test 563,02/02/2026,22:10:29,259.46,136.72,True,19
564,Product test 564,22/10/2025,07:37:48,40.18,217.92,False,28
565,Product test 565,19/02/2026,11:06:44,55.86,683.99,True,74
566,Product test 566,02/08/2025,19:57:33,49.73,640.04,True,22
567,Product test 567,03/06/2025,19:40:25,273.39,298.53,True,3
568,Product test 568,21/01/2026,01:20:24,191.70,102.22,True,24
569,Product test 569,15/04/2025,02:17:58,334.55,82.08,True,36
570,Product test 570,19/06/2025,17:54:59,259.57,289.44,False,99
571,Product test 571,23/08/2025,12:34:48,16.59,846.61,False,2
572,Product test 572,19/04/2025,16:35:29,146.11,114.81,True,70
573,Product test 573,04/04/2025,04:15:51,25.15,556.02,True,41
574,Product test 574,27/12/2025,17:37:32,235.35,958.49,False,52
575,Product test 575,27/12/2025,16:36:53,429.01,929.00,False,68
576,Product test 576,14/04/2025,16:00:24,460.84,416.76,True,42
577,Product test 577,25/01/2025,09:58:55,134.64,96.05,True,68
578,Product test 578,02/02/2026,03:05:49,147.44,470.58,False,93
579,Product test 579,22/01/2025,00:39:16,399.84,797.61,True,6
580,Product test 580,26/09/2025,04:55:27,455.72,363.85,False,1
581,Product test 581,06/02/2026,09:00:53,453.53,758.29,True,35
582,Product test 582,13/02/2026,04:05:59,109.95,86.01,True,92
583,Product test 583,13/02/2026,06:11:06,250.19,770.99,True,31
584,Product test 584,04/12/2025,07:10:12,473.70,349.65,False,10
585,Product test 585,18/06/2025,02:22:02,437.31,767.01,False,46
586,Product test 586,25/09/2025,21:03:07,461.40,990.92,True,87
587,Product test 587,02/02/2025,03:11:55,492.64,751.05,False,83
588,Product test 588,09/01/2026,18:16:27,472.83,727.98,True,39
589,Product test 589,13/03/2026,07:28:43,493.30,830.18,False,50
590,Product test 590,15/02/2026,17:13:08,236.16,987.09,True,8
591,Product test 591,24/01/2025,12:44:07,166.46,526.78,True,24
592,Product test 592,06/01/2026,04:15:16,237.01,643.95,False,80
593,Product test 593,10/12/2025,22:08:42,75.45,571.20,True,23
594,Product test 594,03/11/2025,20:34:35,140.88,434.70,True,62
595,Product test 595,02/01/2025,11:01:16,209.64,898.37,True,80
596,Product test 596,20/02/2025,12:56:25,147.29,852.31,False,30
597,Product test 597,23/08/2025,19:41:54,105.59,451.25,False,24
598,Product test 598,06/03/2025,09:14:36,119.67,403.74,True,39
599,Product test 599,07/12/2025,20:17:37,367.95,743.47,True,24
600,Product test 600,25/03/2026,07:00:43,401.09,263.13,True,44
601,Product test 601,22/05/2025,01:14:45,10.42,379.89,False,15
602,Product test 602,25/05/2025,17:21:07,147.68,327.44,True,2
603,Product test 603,20/03/2025,19:32:42,11.80,28.22,False,66
604,Product test 604,29/03/2025,04:09:19,189.63,314.44,False,25
605,Product test 605,09/03/2026,10:41:35,37.13,804.23,True,48
606,Product test 606,08/01/2025,16:44:16,221.17,358.88,True,42
607,Product test 607,04/04/2025,02:44:35,383.29,942.82,False,6
608,Product test 608,06/03/2025,17:40:31,412.72,537.23,True,71
609,Product test 609,15/02/2026,16:13:03,298.83,67.79,True,34
610,Product test 610,20/08/2025,04:43:37,470.75,292.57,True,81
611,Product test 611,14/12/2025,18:12:50,146.99,970.56,True,61
612,Product test 612,07/07/2025,06:12:30,415.60,539.02,False,21
613,Product test 613,06/09/2025,19:59:54,455.77,323.81,True,94
614,Product test 614,18/11/2025,12:03:10,155.97,70.66,True,90
615,Product test 615,02/03/2025,11:42:40,157.01,475.67,True,85
616,Product test 616,24/10/2025,20:38:35,238.61,182.09,False,42
617,Product test 617,01/03/2026,10:23:31,383.92,610.98,False,14
618,Product test 618,20/08/2025,22:36:04,21.62,758.59,False,93
619,Product test 619,18/01/2025,15:07:08,15.00,276.34,False,43
620,Product test 620,02/03/2025,02:50:36,447.42,767.47,True,91
621,Product test 621,13/01/2025,04:14:01,277.89,440.94,True,28
622,Product test 622,29/10/2025,04:53:59,452.54,171.83,False,67
623,Product test 623,26/02/2026,17:54:56,234.53,193.51,False,36
624,Product test 624,12/04/2025,22:22:06,409.80,910.74,False,28
625,Product test 625,08/04/2025,12:50:18,488.46,333.61,False,8
626,Product test 626,26/01/2026,20:37:45,201.82,398.26,False,36
627,Product test 627,21/05/2025,22:45:07,243.88,960.35,True,92
628,Product test 628,30/08/2025,12:27:55,310.39,385.27,False,97
629,Product test 629,17/02/2026,21:32:32,136.23,918.11,False,19
630,Product test 630,24/04/2025,10:26:12,232.71,700.48,True,61
631,Product test 631,01/08/2025,01:25:18,135.55,972.06,True,45
632,Product test 632,18/11/2025,22:56:30,55.64,812.71,False,82
633,Product test 633,21/05/2025,16:34:23,185.27,203.76,True,42
634,Product test 634,19/04/2025,00:43:00,183.18,141.82,True,38
635,Product test 635,16/10/2025,11:02:28,25.70,931.73,False,22
636,Product test 636,28/06/2025,15:27:00,113.43,127.13,True,83
637,Product test 637,06/07/2025,22:45:18,310.98,524.03,False,89
638,Product test 638,10/04/2025,12:46:39,27.97,349.03,False,38
639,Product test 639,23/02/2026,01:03:53,137.35,222.86,True,44
640,Product test 640,20/01/2026,00:08:17,416.51,933.50,True,17
641,Product test 641,21/05/2025,10:31:03,108.75,794.27,False,60
642,Product test 642,10/07/2025,08:11:29,204.96,701.37,True,71
643,Product test 643,24/03/2025,07:03:11,424.58,69.73,True,30
644,Product test 644,31/05/2025,08:46:05,219.15,69.37,False,56
645,Product test 645,05/02/2026,14:50:35,226.99,912.77,False,84
646,Product test 646,16/06/2025,05:56:35,488.92,799.06,False,65
647,Product test 647,18/02/2026,11:42:17,156.74,683.77,False,44
648,Product test 648,26/07/2025,12:57:22,337.20,48.50,True,59
649,Product test 649,18/12/2025,12:55:40,75.75,964.79,False,46
650,Product test 650,24/01/2026,07:15:38,295.61,164.13,False,26
651,Product test 651,04/03/2025,06:51:51,236.44,928.10,False,56
652,Product test 652,06/11/2025,03:57:08,20.95,683.62,True,77
653,Product test 653,22/12/2025,22:17:27,79.74,441.21,False,71
654,Product test 654,17/05/2025,01:06:09,333.49,800.40,False,41
655,Product test 655,05/01/2026,21:21:08,140.05,122.59,True,57
656,Product test 656,03/11/2025,18:23:29,351.43,956.54,False,61
657,Product test 657,01/06/2025,19:22:59,67.76,760.18,False,34
658,Product test 658,22/04/2025,09:58:08,254.15,556.36,False,41
659,Product test 659,29/03/2026,04:49:13,45.54,388.19,False,94
660,Product test 660,09/01/2026,01:06:00,452.80,851.78,True,29
661,Product test 661,16/06/2025,12:28:41,226.45,560.28,True,11
662,Product test 662,11/05/2025,10:18:39,150.70,233.78,False,82
663,Product test 663,15/03/2026,21:14:27,228.83,678.43,True,47
664,Product test 664,28/03/2026,13:52:00,335.38,10.51,False,78
665,Product test 665,17/06/2025,18:04:52,330.14,892.62,False,98
666,Product test 666,19/05/2025,10:36:38,167.52,301.49,True,87
667,Product test 667,05/07/2025,22:22:37,133.67,121.20,True,28
668,Product test 668,30/12/2025,04:56:29,56.97,750.15,False,54
669,Product test 669,17/01/2026,17:06:42,379.66,398.40,False,19
670,Product test 670,15/01/2025,17:14:02,141.42,732.79,True,58
671,Product test 671,11/12/2025,17:14:44,461.88,769.94,True,70
672,Product test 672,29/08/2025,15:08:30,193.62,283.75,False,17
673,Product test 673,31/03/2025,13:40:29,120.03,635.63,False,89
674,Product test 674,31/10/2025,21:54:12,426.75,196.72,True,11
675,Product test 675,22/04/2025,09:31:40,61.83,709.62,True,9
676,Product test 676,28/04/2025,03:40:24,395.23,563.92,False,89
677,Product test 677,09/07/2025,07:15:02,246.92,275.02,False,38
678,Product test 678,22/02/2026,19:58:24,212.97,639.70,True,96
679,Product test 679,05/06/2025,08:31:59,109.25,488.77,True,45
680,Product test 680,14/04/2025,13:29:11,444.15,702.83,True,45
681,Product test 681,13/08/2025,03:30:19,498.39,158.66,False,51
682,Product test 682,29/11/2025,09:20:51,172.96,824.17,True,100
683,Product test 683,20/04/2025,03:11:12,170.46,238.96,False,50
684,Product test 684,10/01/2025,01:15:41,96.52,176.11,True,67
685,Product test 685,08/05/2025,10:19:20,38.82,36.96,True,17
686,Product test 686,28/07/2025,01:58:14,200.69,969.49,True,81
687,Product test 687,10/05/2025,12:14:00,210.69,152.76,True,43
688,Product test 688,25/01/2025,17:23:59,302.83,83.38,True,38
689,Product test 689,25/05/2025,18:14:22,304.44,857.16,True,70
690,Product test 690,27/02/2026,05:33:11,498.82,188.75,False,39
691,Product test 691,27/05/2025,08:31:52,492.84,541.59,False,80
692,Product test 692,26/09/2025,07:21:31,372.57,954.44,False,30
693,Product test 693,28/07/2025,12:49:12,329.16,252.40,False,25
694,Product test 694,08/04/2025,11:11:58,113.61,688.68,False,65
695,Product test 695,26/12/2025,17:03:00,279.37,2.01,True,49
696,Product test 696,01/06/2025,06:13:07,399.66,734.73,False,50
697,Product test 697,16/12/2025,17:55:00,131.57,255.36,True,24
698,Product test 698,04/05/2025,13:56:35,465.00,442.48,True,48
699,Product test 699,12/01/2026,13:16:00,343.30,306.79,True,83
700,Product test 700,25/03/2025,20:50:46,239.36,95.22,False,36
701,Product test 701,03/01/2025,22:58:01,356.30,555.18,True,12
702,Product test 702,25/03/2025,05:50:34,157.53,910.28,True,12
703,Product test 703,12/04/2025,11:18:38,207.91,653.68,True,80
704,Product test 704,17/12/2025,07:56:35,369.57,106.19,False,15
705,Product test 705,08/10/2025,21:19:18,298.95,699.19,False,22
706,Product test 706,24/09/2025,05:13:49,413.85,410.74,False,100
707,Product test 707,09/03/2025,04:40:45,4.24,187.51,False,20
708,Product test 708,24/04/2025,18:27:59,62.78,726.29,False,32
709,Product test 709,16/05/2025,05:15:02,35.72,109.95,True,68
710,Product test 710,10/01/2026,12:57:53,81.18,889.50,False,20
711,Product test 711,26/12/2025,11:40:12,240.93,880.50,False,34
712,Product test 712,17/01/2025,08:16:56,232.43,836.84,False,49
713,Product test 713,28/03/2025,08:34:35,275.98,888.48,True,73
714,Product test 714,13/03/2026,20:47:20,427.14,904.16,False,5
715,Product test 715,06/07/2025,22:26:13,419.56,811.29,True,78
716,Product test 716,22/08/2025,11:19:38,295.89,340.02,False,97
717,Product test 717,04/10/2025,00:41:21,193.42,575.42,False,92
718,Product test 718,28/03/2025,22:27:57,262.02,707.60,True,21
719,Product test 719,02/06/2025,16:20:57,414.34,934.68,True,64
720,Product test 720,10/02/2025,07:56:34,38.38,358.79,True,10
721,Product test 721,26/05/2025,21:58:49,487.59,326.88,True,52
722,Product test 722,29/04/2025,19:21:13,146.76,410.69,True,94
723,Product test 723,13/12/2025,15:15:01,384.65,139.43,True,63
724,Product test 724,03/05/2025,03:44:01,258.74,101.21,True,28
725,Product test 725,21/12/2025,23:41:08,381.75,226.96,True,9
726,Product test 726,03/06/2025,13:16:37,356.20,380.44,True,36
727,Product test 727,18/11/2025,22:24:28,202.26,475.28,False,77
728,Product test 728,22/05/2025,22:37:27,17.11,212.36,True,24
729,Product test 729,13/03/2026,09:21:28,272.44,237.70,True,100
730,Product test 730,26/11/2025,02:36:24,235.81,655.24,True,45
731,Product test 731,01/12/2025,06:56:00,351.82,769.32,False,7
732,Product test 732,08/03/2026,09:37:29,107.61,862.09,True,95
733,Product test 733,01/04/2025,03:25:14,148.37,288.10,False,77
734,Product test 734,16/07/2025,10:33:05,313.40,802.12,False,38
735,Product test 735,28/08/2025,07:31:51,441.31,863.51,False,40
736,Product test 736,06/01/2025,10:16:38,423.98,298.72,True,23
737,Product test 737,27/05/2025,08:12:39,90.53,395.65,False,5
738,Product test 738,24/01/2026,22:18:18,268.66,746.44,False,47
739,Product test 739,30/09/2025,11:02:20,189.95,725.03,False,66
740,Product test 740,01/03/2025,07:26:27,319.01,533.67,True,97
741,Product test 741,20/08/2025,05:30:52,306.49,28.42,True,71
742,Product test 742,23/05/2025,09:40:10,148.24,43.63,False,14
743,Product test 743,05/01/2025,12:07:21,385.64,660.14,False,14
744,Product test 744,22/10/2025,15:17:13,136.94,953.93,True,65
745,Product test 745,17/07/2025,01:54:19,131.56,200.90,False,96
746,Product test 746,12/04/2025,02:44:24,177.20,558.61,True,20
747,Product test 747,28/10/2025,00:32:20,82.01,771.09,False,26
748,Product test 748,14/04/2025,13:16:05,345.74,595.28,False,9
749,Product test 749,16/09/2025,19:18:43,216.02,462.75,True,71
750,Product test 750,11/02/2025,22:15:12,382.74,529.42,False,44
751,Product test 751,05/12/2025,05:42:12,129.08,801.19,True,19
752,Product test 752,30/01/2026,14:33:29,495.90,27.99,True,45
753,Product test 753,26/09/2025,05:50:39,334.16,579.90,False,96
754,Product test 754,01/03/2025,04:58:02,296.05,801.41,True,57
755,Product test 755,22/01/2026,23:18:36,160.87,1.29,True,14
756,Product test 756,25/07/2025,07:24:38,128.89,510.31,True,24
757,Product test 757,14/02/2026,15:19:51,347.95,924.27,True,88
758,Product test 758,18/02/2025,09:49:42,465.04,775.33,True,52
759,Product test 759,30/04/2025,12:32:47,425.70,418.28,True,40
760,Product test 760,11/02/2025,15:25:28,433.77,505.72,False,90
761,Product test 761,06/02/2026,01:38:07,263.29,349.89,False,73
762,Product test 762,16/04/2025,03:49:44,222.90,162.18,False,14
763,Product test 763,11/02/2026,18:49:25,250.76,311.20,True,23
764,Product test 764,17/06/2025,23:18:41,130.61,303.50,False,56
765,Product test 765,13/02/2026,00:05:10,222.11,841.95,True,13
766,Product test 766,15/08/2025,23:22:37,261.32,63.14,False,88
767,Product test 767,13/01/2025,08:16:22,336.20,433.39,True,54
768,Product test 768,23/07/2025,07:15:38,289.75,13.41,False,78
769,Product test 769,12/03/2026,16:38:33,110.12,755.84,False,28
770,Product test 770,16/04/2025,03:29:34,150.26,892.04,True,28
771,Product test 771,30/01/2026,11:40:05,205.65,626.90,False,40
772,Product test 772,02/09/2025,02:24:42,284.91,506.83,False,11
773,Product test 773,28/06/2025,00:55:51,33.42,424.62,True,100
774,Product test 774,21/01/2026,14:19:38,334.10,824.09,True,99
775,Product test 775,20/03/2026,13:04:18,211.39,159.93,False,88
776,Product test 776,11/05/2025,23:20:59,290.22,675.00,True,99
777,Product test 777,30/10/2025,09:37:24,322.77,404.25,True,34
778,Product test 778,25/10/2025,09:18:22,198.95,133.62,False,34
779,Product test 779,29/04/2025,17:36:00,20.87,628.93,True,62
780,Product test 780,28/01/2026,04:34:58,367.93,743.42,False,34
781,Product test 781,19/05/2025,14:47:06,423.22,425.67,False,86
782,Product test 782,04/09/2025,16:59:35,233.26,256.66,True,55
783,Product test 783,07/11/2025,16:39:09,149.06,822.41,False,27
784,Product test 784,19/03/2026,07:13:27,458.99,734.33,True,86
785,Product test 785,09/02/2026,14:09:10,463.62,191.08,True,85
786,Product test 786,28/03/2025,10:58:58,422.49,338.78,False,55
787,Product test 787,31/03/2025,15:42:53,294.60,700.75,False,39
788,Product test 788,28/10/2025,04:38:27,321.99,774.87,False,93
789,Product test 789,08/02/2026,18:37:08,259.34,834.49,False,90
790,Product test 790,04/01/2025,07:49:13,423.72,489.57,False,3
791,Product test 791,22/03/2026,13:59:44,472.42,862.31,False,82
792,Product test 792,21/10/2025,03:46:16,107.82,845.77,True,17
793,Product test 793,16/01/2025,16:06:25,498.19,631.87,False,66
794,Product test 794,21/07/2025,06:59:51,194.77,548.81,True,18
795,Product test 795,17/12/2025,00:30:15,204.60,908.38,True,18
796,Product test 796,01/09/2025,21:35:30,209.39,840.63,False,72
797,Product test 797,28/04/2025,08:39:29,209.01,494.87,False,81
798,Product test 798,07/11/2025,04:44:57,300.63,563.32,False,58
799,Product test 799,19/07/2025,19:29:44,166.40,49.55,True,38
800,Product test 800,04/05/2025,13:48:38,239.58,760.89,False,96
801,Product test 801,17/10/2025,09:57:17,31.15,949.40,False,37
802,Product test 802,20/09/2025,03:31:04,303.32,499.88,True,67
803,Product test 803,04/12/2025,01:28:34,130.93,567.93,True,37
804,Product test 804,15/03/2025,06:31:24,293.69,321.01,False,68
805,Product test 805,18/04/2025,08:48:51,66.02,848.23,True,95
806,Product test 806,29/03/2025,10:54:12,219.00,117.48,True,25
807,Product test 807,03/03/2025,14:28:00,332.26,449.32,False,40
808,Product test 808,20/11/2025,14:27:05,254.64,87.64,True,93
809,Product test 809,15/10/2025,05:35:54,166.00,262.21,True,73
810,Product test 810,02/12/2025,13:17:03,5.63,447.83,True,17
811,Product test 811,17/01/2025,02:19:18,279.82,890.76,True,72
812,Product test 812,19/01/2026,17:47:33,5.86,309.71,False,73
813,Product test 813,17/04/2025,23:45:28,94.57,41.99,True,3
814,Product test 814,20/09/2025,22:45:11,235.97,410.93,False,17
815,Product test 815,13/11/2025,22:46:33,247.51,357.88,True,27
816,Product test 816,26/02/2025,17:55:03,284.60,405.58,True,85
817,Product test 817,04/09/2025,20:22:51,253.02,691.26,False,86
818,Product test 818,09/04/2025,17:18:46,155.75,564.31,True,52
819,Product test 819,30/03/2026,02:21:55,249.99,683.15,True,55
820,Product test 820,18/04/2025,23:12:17,152.01,556.18,False,49
821,Product test 821,02/03/2026,15:52:35,185.30,211.40,False,63
822,Product test 822,27/07/2025,11:12:39,393.74,994.07,True,81
823,Product test 823,02/05/2025,09:29:59,56.38,872.66,True,56
824,Product test 824,16/04/2025,06:31:18,266.02,186.55,True,33
825,Product test 825,30/06/2025,08:39:16,106.83,523.85,True,31
826,Product test 826,29/09/2025,19:54:00,96.14,992.05,True,85
827,Product test 827,31/08/2025,15:18:28,369.12,636.35,False,6
828,Product test 828,07/01/2026,19:03:12,68.20,469.45,False,35
829,Product test 829,01/09/2025,00:20:11,478.68,727.79,False,9
830,Product test 830,17/02/2026,15:06:58,347.44,722.77,True,66
831,Product test 831,08/02/2025,16:59:26,138.16,485.12,True,60
832,Product test 832,06/12/2025,23:44:21,7.35,701.82,True,22
833,Product test 833,26/01/2025,05:30:34,277.12,118.26,True,69
834,Product test 834,27/06/2025,16:30:57,339.81,610.02,True,69
835,Product test 835,16/10/2025,16:29:22,19.23,619.53,False,42
836,Product test 836,13/08/2025,07:50:18,23.46,748.47,False,55
837,Product test 837,04/04/2025,04:57:40,476.32,881.94,False,91
838,Product test 838,06/03/2026,04:14:00,341.35,483.54,True,22
839,Product test 839,25/05/2025,06:13:35,348.42,298.71,True,45
840,Product test 840,31/07/2025,17:57:18,440.19,845.47,False,76
841,Product test 841,10/06/2025,00:55:57,257.57,406.15,True,84
842,Product test 842,01/03/2025,09:16:10,495.83,586.43,True,38
843,Product test 843,28/02/2025,14:38:13,400.27,231.12,False,96
844,Product test 844,17/03/2026,15:18:55,360.93,422.17,True,29
845,Product test 845,01/01/2026,19:02:55,449.07,178.40,False,28
846,Product test 846,02/03/2026,11:04:26,314.91,902.97,True,34
847,Product test 847,28/01/2026,20:42:01,98.93,686.77,False,56
848,Product test 848,11/01/2025,04:33:29,332.40,466.97,True,91
849,Product test 849,09/03/2026,10:07:02,167.10,559.54,False,13
850,Product test 850,26/09/2025,14:11:57,269.51,166.78,False,97
851,Product test 851,08/06/2025,20:26:26,397.72,162.49,True,4
852,Product test 852,11/02/2026,08:41:15,77.89,803.25,True,17
853,Product test 853,03/05/2025,00:30:12,298.29,438.27,False,83
854,Product test 854,03/06/2025,05:54:00,413.68,637.30,False,87
855,Product test 855,19/04/2025,21:40:00,39.06,265.31,True,66
856,Product test 856,22/02/2026,20:25:52,422.36,852.53,True,92
857,Product test 857,15/03/2026,19:32:40,188.05,369.61,True,33
858,Product test 858,20/08/2025,09:03:21,275.91,323.49,False,9
859,Product test 859,31/01/2025,12:22:13,263.39,784.28,False,59
860,Product test 860,28/05/2025,13:17:47,481.66,605.57,True,30
861,Product test 861,03/02/2026,13:25:34,172.72,663.98,True,91
862,Product test 862,24/10/2025,04:06:45,111.72,247.92,True,42
863,Product test 863,10/03/2026,08:55:11,195.33,193.16,True,28
864,Product test 864,09/05/2025,01:56:44,376.31,856.96,False,78
865,Product test 865,10/09/2025,14:19:47,308.55,482.85,False,22
866,Product test 866,11/01/2026,01:36:38,221.66,983.90,False,28
867,Product test 867,29/08/2025,01:44:42,79.70,607.24,False,10
868,Product test 868,13/07/2025,18:19:08,182.90,351.06,False,77
869,Product test 869,24/12/2025,23:46:56,197.40,393.07,False,36
870,Product test 870,12/03/2026,02:10:48,426.52,372.84,False,57
871,Product test 871,25/05/2025,09:53:04,78.06,828.82,True,90
872,Product test 872,27/02/2026,04:03:10,424.14,952.01,True,46
873,Product test 873,27/12/2025,04:46:09,161.59,230.82,False,77
874,Product test 874,05/02/2026,03:25:11,379.07,644.81,False,49
875,Product test 875,08/08/2025,17:14:15,33.29,520.74,False,86
876,Product test 876,06/03/2025,09:31:05,271.93,39.67,True,89
877,Product test 877,04/01/2025,13:59:11,196.83,225.70,False,16
878,Product test 878,11/01/2026,02:54:13,134.17,281.32,True,70
879,Product test 879,29/09/2025,19:40:11,450.65,575.00,False,48
880,Product test 880,23/02/2025,04:24:07,399.51,902.85,True,62
881,Product test 881,16/02/2026,20:11:39,112.55,786.31,False,14
882,Product test 882,14/06/2025,18:42:42,208.95,540.10,True,55
883,Product test 883,18/02/2026,13:34:27,55.95,758.45,False,12
884,Product test 884,30/05/2025,08:42:00,224.30,837.51,True,81
885,Product test 885,22/11/2025,22:31:07,81.43,992.94,True,27
886,Product test 886,12/02/2025,18:20:15,21.84,77.94,False,38
887,Product test 887,11/02/2026,13:55:18,103.35,877.18,False,54
888,Product test 888,23/03/2026,12:31:52,383.65,988.53,True,66
889,Product test 889,09/01/2026,21:56:21,88.51,889.97,False,16
890,Product test 890,27/02/2026,22:34:06,171.89,84.20,False,50
891,Product test 891,05/04/2025,13:11:05,119.94,505.38,False,93
892,Product test 892,18/09/2025,00:08:44,331.50,712.00,True,92
893,Product test 893,14/02/2026,23:19:45,406.62,616.66,True,73
894,Product test 894,17/08/2025,01:25:23,210.39,603.87,True,5
895,Product test 895,31/12/2025,23:01:20,239.75,542.58,True,88
896,Product test 896,18/03/2026,05:37:34,265.89,581.46,False,57
897,Product test 897,17/03/2026,22:00:04,18.74,166.60,False,85
898,Product test 898,12/08/2025,19:23:56,40.61,426.35,True,21
899,Product test 899,01/02/2026,15:24:35,313.23,794.97,False,40
900,Product test 900,08/01/2025,13:37:08,242.13,128.53,True,87
901,Product test 901,17/10/2025,06:54:00,401.78,74.17,True,55
902,Product test 902,25/12/2025,16:00:31,244.10,403.05,True,45
903,Product test 903,17/01/2026,03:06:17,351.63,885.17,True,80
904,Product test 904,25/02/2025,11:19:19,424.15,523.09,True,26
905,Product test 905,13/02/2025,10:21:48,178.84,815.84,True,7
906,Product test 906,26/09/2025,13:15:39,236.93,675.08,False,3
907,Product test 907,23/11/2025,10:03:43,444.28,304.39,False,37
908,Product test 908,21/01/2025,23:02:53,183.89,1.87,False,86
909,Product test 909,06/04/2025,13:55:46,421.88,346.57,True,1
910,Product test 910,26/11/2025,14:16:06,354.75,168.57,False,96
911,Product test 911,01/09/2025,14:04:17,385.00,809.82,True,48
912,Product test 912,15/12/2025,07:08:51,25.98,982.67,True,80
913,Product test 913,01/09/2025,00:03:31,433.46,186.63,True,18
914,Product test 914,15/11/2025,19:28:14,388.62,601.62,False,50
915,Product test 915,10/01/2026,19:00:54,241.92,174.11,False,1
916,Product test 916,08/11/2025,16:54:28,257.08,829.40,True,54
917,Product test 917,19/03/2025,01:29:22,135.47,904.11,False,29
918,Product test 918,12/02/2025,16:45:14,64.21,163.67,True,72
919,Product test 919,08/10/2025,02:10:25,299.19,551.14,True,9
920,Product test 920,25/04/2025,06:43:03,44.87,909.06,True,8
921,Product test 921,21/01/2025,17:24:52,117.88,365.83,False,35
922,Product test 922,19/02/2025,10:26:41,71.17,152.31,False,6
923,Product test 923,27/08/2025,06:18:42,333.59,967.74,False,64
924,Product test 924,20/02/2025,06:46:44,389.76,647.93,False,66
925,Product test 925,25/09/2025,01:03:07,408.23,762.72,True,31
926,Product test 926,23/04/2025,11:28:49,120.90,996.55,True,15
927,Product test 927,11/10/2025,08:34:34,453.03,721.19,False,17
928,Product test 928,12/12/2025,19:22:02,280.27,805.34,True,97
929,Product test 929,27/02/2026,19:56:53,304.61,523.25,True,54
930,Product test 930,05/09/2025,12:04:24,240.88,948.08,True,1
931,Product test 931,23/01/2026,06:40:26,116.34,563.55,False,32
932,Product test 932,05/02/2026,15:55:44,112.21,820.08,False,98
933,Product test 933,30/08/2025,18:17:17,402.74,474.43,True,30
934,Product test 934,27/02/2025,13:50:04,55.05,673.48,False,35
935,Product test 935,22/08/2025,12:32:08,236.16,444.53,False,74
936,Product test 936,16/11/2025,20:10:56,346.74,542.72,True,78
937,Product test 937,02/01/2025,14:46:59,298.66,992.71,True,13
938,Product test 938,08/12/2025,18:35:55,229.29,114.67,False,30
939,Product test 939,19/06/2025,19:15:13,217.69,639.81,False,96
940,Product test 940,26/01/2026,21:17:32,248.25,311.78,True,51
941,Product test 941,07/01/2026,22:46:29,52.04,153.55,False,28
942,Product test 942,23/11/2025,21:53:13,218.80,81.27,False,52
943,Product test 943,11/02/2025,05:28:16,493.02,983.69,False,7
944,Product test 944,31/01/2025,19:42:21,365.55,710.77,False,70
945,Product test 945,08/02/2025,01:36:16,377.55,183.12,True,78
946,Product test 946,07/11/2025,10:57:51,312.69,607.40,True,85
947,Product test 947,28/12/2025,14:03:39,309.16,426.15,True,12
948,Product test 948,16/02/2025,14:37:57,376.71,914.81,False,55
949,Product test 949,26/01/2026,13:17:25,201.33,853.66,False,41
950,Product test 950,20/03/2025,04:29:04,209.30,854.77,False,36
951,Product test 951,01/06/2025,04:48:12,3.00,484.38,False,53
952,Product test 952,26/01/2026,14:52:57,103.15,452.26,True,88
953,Product test 953,05/02/2026,09:46:36,152.15,623.94,True,31
954,Product test 954,14/01/2025,07:12:00,89.63,375.46,True,75
955,Product test 955,02/10/2025,00:46:14,185.59,460.74,True,15
956,Product test 956,06/01/2025,05:15:50,64.47,228.58,False,12
957,Product test 957,13/01/2025,03:12:32,54.92,515.79,True,77
958,Product test 958,19/01/2025,16:38:35,497.81,530.31,True,54
959,Product test 959,31/05/2025,04:23:10,189.64,270.42,True,16
960,Product test 960,24/03/2026,00:41:16,124.99,468.68,True,89
961,Product test 961,06/12/2025,04:20:13,460.82,59.43,True,88
962,Product test 962,27/09/2025,16:08:09,258.18,232.40,True,55
963,Product test 963,19/06/2025,08:31:48,280.80,145.27,True,65
964,Product test 964,13/02/2025,06:57:48,311.13,832.04,False,26
965,Product test 965,29/03/2026,17:02:43,188.31,151.65,True,90
966,Product test 966,16/10/2025,17:59:09,115.17,577.89,False,23
967,Product test 967,09/03/2026,01:20:07,373.64,494.95,True,90
968,Product test 968,15/01/2026,16:02:15,350.99,694.57,True,14
969,Product test 969,08/02/2025,09:31:34,103.68,464.28,True,30
970,Product test 970,03/02/2025,17:27:16,182.18,515.72,True,27
971,Product test 971,12/03/2025,19:14:06,123.74,880.99,False,6
972,Product test 972,30/01/2025,21:54:21,58.83,844.80,True,90
973,Product test 973,31/01/2026,20:30:04,496.33,587.76,False,87
974,Product test 974,20/04/2025,11:26:16,82.19,858.98,True,88
975,Product test 975,16/09/2025,20:11:16,182.60,144.59,False,50
976,Product test 976,07/03/2026,14:08:26,129.49,971.51,True,96
977,Product test 977,11/01/2026,00:54:29,139.37,546.78,False,89
978,Product test 978,20/10/2025,12:22:09,286.44,431.99,True,51
979,Product test 979,21/11/2025,16:28:35,494.45,595.28,False,4
980,Product test 980,20/01/2026,13:30:32,407.93,193.47,True,42
981,Product test 981,19/04/2025,06:50:39,289.81,883.02,False,88
982,Product test 982,10/05/2025,00:57:57,110.92,26.21,True,41
983,Product test 983,31/03/2025,01:26:21,156.30,963.02,True,58
984,Product test 984,30/01/2026,09:57:19,188.60,14.49,True,58
985,Product test 985,28/12/2025,08:18:22,61.63,199.79,True,75
986,Product test 986,19/12/2025,05:39:37,347.13,39.44,True,43
987,Product test 987,06/11/2025,06:04:21,179.38,68.34,False,88
988,Product test 988,31/01/2025,07:14:06,206.36,912.82,False,81
989,Product test 989,18/03/2026,03:44:26,104.22,996.84,True,97
990,Product test 990,07/02/2026,11:15:18,345.80,451.32,False,14
991,Product test 991,15/04/2025,01:10:25,17.20,74.34,False,59
992,Product test 992,12/06/2025,10:47:05,245.86,278.55,False,21
993,Product test 993,02/01/2025,14:05:07,205.96,541.71,True,38
994,Product test 994,30/01/2025,09:45:37,328.67,243.54,False,9
995,Product test 995,02/01/2026,23:29:39,330.30,931.32,False,40
996,Product test 996,13/07/2025,14:03:53,136.97,224.36,True,76
997,Product test 997,20/01/2026,22:28:27,106.81,250.68,True,91
998,Product test 998,09/03/2026,17:56:58,464.32,854.70,False,69
999,Product test 999,06/03/2026,16:44:57,349.60,375.78,False,31
1000,Product test 1000,19/01/2025,17:49:51,434.43,694.17,False,54
